{
  "urls": [
    "/Users/code/htdocs/soundstorm/sounds/sfx.mp3"
  ],
  "sprite": {
    "bling1": [
      0,
      85.4875283446712
    ],
    "bling2": [
      2000,
      369.3197278911566
    ],
    "blingbling1": [
      4000,
      379.7278911564623
    ],
    "blingbling2": [
      6000,
      386.9614512471653
    ],
    "bonuscount": [
      8000,
      5931.519274376416
    ],
    "bulletexplodeblack": [
      15000,
      155.8956916099774
    ],
    "bulletexplodewhite": [
      17000,
      93.99092970521394
    ],
    "cancel": [
      19000,
      342.4943310657582
    ],
    "cloud": [
      21000,
      1101.1111111111127
    ],
    "cloud2": [
      24000,
      3600.0000000000014
    ],
    "cord_high": [
      29000,
      772.1995464852612
    ],
    "cord_highest": [
      31000,
      608.6167800453524
    ],
    "cord_low": [
      33000,
      498.6167800453529
    ],
    "cord_mid": [
      35000,
      962.9024943310683
    ],
    "dragonfly": [
      37000,
      2814.6485260771
    ],
    "drum1": [
      41000,
      283.40136054421805
    ],
    "drum2": [
      43000,
      243.51473922902755
    ],
    "drum3": [
      45000,
      259.00226757369893
    ],
    "drum4": [
      47000,
      151.99546485261095
    ],
    "energy": [
      49000,
      476.00907029478634
    ],
    "exbasslow": [
      51000,
      2748.458049886622
    ],
    "exburn": [
      55000,
      853.0612244897924
    ],
    "exhat": [
      57000,
      2813.8095238095248
    ],
    "exindigo": [
      61000,
      351.1337868480737
    ],
    "explosion": [
      63000,
      1010.0680272108775
    ],
    "exsynth": [
      66000,
      748.8435374149702
    ],
    "extechno": [
      68000,
      760.04535147392
    ],
    "fa18": [
      70000,
      2343.854875283441
    ],
    "fart": [
      74000,
      638.5487528344669
    ],
    "firstnoise": [
      76000,
      1162.5850340136026
    ],
    "fly": [
      79000,
      755.1473922902545
    ],
    "fly2": [
      81000,
      406.9387755101985
    ],
    "fly3": [
      83000,
      549.9999999999972
    ],
    "gethit": [
      85000,
      293.1292517006767
    ],
    "gethitafter": [
      87000,
      252.01814058956984
    ],
    "ground": [
      89000,
      1879.4784580498886
    ],
    "groundex": [
      92000,
      1201.133786848075
    ],
    "grunt": [
      95000,
      734.7392290249388
    ],
    "guitar1": [
      97000,
      301.13378684806946
    ],
    "hawkbit": [
      99000,
      2905.8503401360554
    ],
    "heavybass": [
      103000,
      499.11564625850247
    ],
    "heli": [
      105000,
      907.8458049886677
    ],
    "herohit": [
      107000,
      2264.5124716553228
    ],
    "hugeexplosion3": [
      111000,
      5630.839002267578
    ],
    "kick1": [
      118000,
      200.00000000000284
    ],
    "kraechz": [
      120000,
      1200.0000000000027
    ],
    "laser": [
      123000,
      2400.0000000000055
    ],
    "laserget": [
      127000,
      10.340136054423965
    ],
    "life": [
      129000,
      1087.7551020408305
    ],
    "miss": [
      132000,
      231.3605442176936
    ],
    "miss2": [
      134000,
      701.2925170068058
    ],
    "mosquito": [
      136000,
      1250
    ],
    "owl": [
      139000,
      1920.1360544217607
    ],
    "plane": [
      142000,
      1830.6575963718785
    ],
    "relief": [
      145000,
      853.9909297052191
    ],
    "roar": [
      147000,
      3604.8979591836596
    ],
    "scarybeat": [
      152000,
      96094.14965986395
    ],
    "shothit": [
      250000,
      199.36507936506587
    ],
    "shothit2": [
      252000,
      20.000000000010232
    ],
    "sphere": [
      254000,
      764.8752834467132
    ],
    "squirrel": [
      256000,
      293.7641723356137
    ],
    "stageclear": [
      258000,
      3562.6530612244665
    ],
    "trance1": [
      263000,
      461.5419501133715
    ],
    "tryover": [
      265000,
      6070.18140589571
    ],
    "tsching": [
      273000,
      297.18820861677386
    ],
    "twitter": [
      275000,
      1408.1632653061433
    ],
    "yay0": [
      278000,
      577.25623582769
    ],
    "yay1": [
      280000,
      670.9297052154284
    ],
    "yay2": [
      284000,
      748.9795918367577
    ],
    "yay4": [
      286000,
      2095.0113378684705
    ],
    "yay5": [
      290000,
      2246.5306122448965
    ],
    "yay6": [
      294000,
      3003.9002267573665
    ],
    "yay7": [
      299000,
      2500
    ],
    "yay8": [
      303000,
      1854.6938775510284
    ],
    "zeppelin": [
      306000,
      2194.3537414965704
    ]
  }
}